^mvp\-programming\-portfolio/?$,https://blog.bug-fix.org/blog/068814875f/
^do\-web\-designers\-really\-need\-programming\-skills/?$,https://blog.bug-fix.org/blog/a435270b90/
^how\-to\-write\-a\-resume\-and\-curriculum\-vitae\-to\-get\-a\-job\-offer\-from\-a\-foreign\-company\-as\-an\-it\-engineer/?$,https://blog.bug-fix.org/blog/560aa3e6e9/
^vba\-if/?$,https://blog.bug-fix.org/blog/9b19f9ab81/
^vba\-webscraping/?$,https://blog.bug-fix.org/blog/b6cb293891/
^how\-to\-use\-puppeteer/?$,https://blog.bug-fix.org/blog/e078af3026/
^webscraping\-javascript/?$,https://blog.bug-fix.org/blog/06de973bb4/
^gas\-web\-scraping/?$,https://blog.bug-fix.org/blog/841a05fd37/
^pandas\-sorting/?$,https://blog.bug-fix.org/blog/18d37c950a/
^pandas\-defect\-value/?$,https://blog.bug-fix.org/blog/aaf01d71b5/
^python\-datascience\-for\-biginner/?$,https://blog.bug-fix.org/blog/9be3da431e/
^basic\-python\-pandas/?$,https://blog.bug-fix.org/blog/814fd2e8e4/
^pandas\-filterling/?$,https://blog.bug-fix.org/blog/db55da3fc3/
^webscraping\-recommended\-language/?$,https://blog.bug-fix.org/blog/fc72c98a6c/
^webscraping\-forbidden/?$,https://blog.bug-fix.org/blog/fabf5b7fed/
^javascript\-modal/?$,https://blog.bug-fix.org/blog/612111a352/
^javascript\-prompt/?$,https://blog.bug-fix.org/blog/a5abb1500b/
^javascript\-confirm/?$,https://blog.bug-fix.org/blog/26d228663f/
^openpyxl\-application\-examples/?$,https://blog.bug-fix.org/blog/99a0b871c9/
^openpyxl\-application/?$,https://blog.bug-fix.org/blog/25dac95b8f/
^openpyxl\-command\-compilation/?$,https://blog.bug-fix.org/blog/37b7351017/
^openpyxl\-excel\-load/?$,https://blog.bug-fix.org/blog/de5872c6bb/
^python\-openpyxl\-install/?$,https://blog.bug-fix.org/blog/9b15fed64e/
^python\-pyscript/?$,https://blog.bug-fix.org/blog/600b4cdf20/
^pandas\-groupby/?$,https://blog.bug-fix.org/blog/03a3d955b8/
^gas\-free/?$,https://blog.bug-fix.org/blog/deeeb5df3f/
^pandas\-iloc/?$,https://blog.bug-fix.org/blog/2289b221b3/
^pandas_dataframe_delete/?$,https://blog.bug-fix.org/blog/023849c389/
^matplotlib\-ticks/?$,https://blog.bug-fix.org/blog/7acc684a84/
^matplotlib\-saveefig/?$,https://blog.bug-fix.org/blog/0bba869d7f/
^matplotlib\-japanease/?$,https://blog.bug-fix.org/blog/a4e987d175/
^python\-tynydb/?$,https://blog.bug-fix.org/blog/8d23cf6c86/
^javascript\-arrow\-this/?$,https://blog.bug-fix.org/blog/8efbbe9bc1/
^javascript\-comment/?$,https://blog.bug-fix.org/blog/226f76b55a/
^javascript\-for/?$,https://blog.bug-fix.org/blog/48a1706eca/
^javascript\-tolocalestring/?$,https://blog.bug-fix.org/blog/38b83caefa/
^javascript\-undefined/?$,https://blog.bug-fix.org/blog/d874e4e4a5/
^scikit\-learn\-install/?$,https://blog.bug-fix.org/blog/983bd614bb/
^javascript\-jsonstringfy/?$,https://blog.bug-fix.org/blog/9cfd3c755b/
^javascript\-find/?$,https://blog.bug-fix.org/blog/6db6eb4af1/
^javascript\-arrow/?$,https://blog.bug-fix.org/blog/09895de040/
^javascript\-push/?$,https://blog.bug-fix.org/blog/d7cdaa5ca0/
^javascript\-map\-object/?$,https://blog.bug-fix.org/blog/1e68ed4e3d/
^javascript\-map/?$,https://blog.bug-fix.org/blog/7f0a22117f/
^javascript\-alert/?$,https://blog.bug-fix.org/blog/3a1dfb05d7/
^typescript/?$,https://blog.bug-fix.org/blog/3635a91e3d/
^javascrip\-foreach/?$,https://blog.bug-fix.org/blog/f747870ae6/
^python\-requests/?$,https://blog.bug-fix.org/blog/8acc23987b/
^python\-round/?$,https://blog.bug-fix.org/blog/768b84ef05/
^python\-pep8/?$,https://blog.bug-fix.org/blog/9e6a72557a/
^python\-version/?$,https://blog.bug-fix.org/blog/7c252ab334/
^why\-html\-is\-not\-programming\-language/?$,https://blog.bug-fix.org/blog/9512d95d00/
^programming\-ranking/?$,https://blog.bug-fix.org/blog/011af72a91/
^gas\-scriptapp\-newtrigger/?$,https://blog.bug-fix.org/blog/749fc650ca/
^seaborn\-paiaplot/?$,https://blog.bug-fix.org/blog/dfe62e836a/
^seaborn\-histplot/?$,https://blog.bug-fix.org/blog/d48ff4b2f6/
^seaborn\-lineplot/?$,https://blog.bug-fix.org/blog/4621c1d55f/
^python\-if/?$,https://blog.bug-fix.org/blog/27badc983d/
^seaborn\-barplot/?$,https://blog.bug-fix.org/blog/b8aed072d2/
^seaborn\-scatterplot/?$,https://blog.bug-fix.org/blog/f57e5cb1f4/
^seaborn\-boxplot/?$,https://blog.bug-fix.org/blog/620c9c3321/
^seaborn\-heatmap/?$,https://blog.bug-fix.org/blog/2c7d5490e6/
^seaborn\-python/?$,https://blog.bug-fix.org/blog/d80eae6e96/
^python\-ternary\-operator/?$,https://blog.bug-fix.org/blog/dbb1ded63b/
^python\-mecab/?$,https://blog.bug-fix.org/blog/0f8ef3377b/
^python\-else/?$,https://blog.bug-fix.org/blog/1be0034108/
^python\-reportlab/?$,https://blog.bug-fix.org/blog/2ac878b0e2/
^python\-face\-recognition/?$,https://blog.bug-fix.org/blog/b1556dea32/
^python\-interesting\-code/?$,https://blog.bug-fix.org/blog/ad57366865/
^pip\-install/?$,https://blog.bug-fix.org/blog/37834f2f25/
^google\-spreadsheet\-scripteditor\-open/?$,https://blog.bug-fix.org/blog/d6d824abba/
^gas\-spreadsheet\-search/?$,https://blog.bug-fix.org/blog/8b940be7fb/
^google\-spreadsheet\-googlecalendar/?$,https://blog.bug-fix.org/blog/48449a14a4/
^gas_spreadsheet_get/?$,https://blog.bug-fix.org/blog/96061e92f5/
^gas_google_form/?$,https://blog.bug-fix.org/blog/d029fa3a95/
^google\-apps\-script\-spreadsheet/?$,https://blog.bug-fix.org/blog/31489056e0/
^python\-list/?$,https://blog.bug-fix.org/blog/86e5014965/
^python\-excel/?$,https://blog.bug-fix.org/blog/e629fa6598/
